event_id,event_timestamp,event_type,user_id,driver_id,ride_id,start_location_lat,start_location_lon,end_location_lat,end_location_lon,fare_amount,distance_km,duration_min,payment_method,promo_code_used,device_info,ip_address
12a3ffd0-bb57-4bb4-8fd2-eecff547d5e1,2025-10-27T09:23:52.349226,ride_completed,fake_user_3,driver_192,ride_11b9addd,35.71301992094637,51.412826500757305,35.731394906235465,51.424108898412165,90709.48043975479,2.0018796595949366,14.495859329992165,cash,SNAPP_FAKE_PROMO,android_11,192.168.1.70
c62cf453-884e-4b02-814b-2dbee5b28cd8,2025-10-27T09:23:52.349226,ride_completed,user_23,fake_driver_ad7d,ride_91a50bb1,35.746308804779,51.38762970524562,35.74495532189468,51.38821741877971,24028.019348603408,1.1776487439369117,3.9135596636580265,cash,,android_11,192.168.1.40
1938e4f5-7f4b-4ef4-aa06-2ebb34610225,2025-10-27T09:28:52.349226,ride_completed,fake_user_4,driver_110,ride_b1225b94,35.73372402544666,51.41615854972517,35.713047527026845,51.44802807055364,85896.78577222851,3.091693024987139,18.567051340557803,cash,SNAPP_FAKE_PROMO,android_11,192.168.1.72
c2eadb30-78a4-4f87-bf30-8ab53e357f5b,2025-10-27T09:30:52.349226,ride_completed,user_83,fake_driver_ad7d,ride_49c3deca,35.751910232191875,51.40421196681311,35.75150867470941,51.404550102753,26157.197254554478,1.0282609992325829,6.684106814535065,cash,,android_11,192.168.1.87
8642f27a-6ba4-47fb-afed-0c40d52da7ae,2025-10-27T09:33:52.349226,ride_completed,fake_user_7,driver_173,ride_b96291f9,35.720961236249536,51.42536714891119,35.71478251390969,51.43585102232106,59800.59021505967,2.0746700042618453,11.472321581357246,credit_card,SNAPP_FAKE_PROMO,android_11,192.168.1.111
32227675-6b2e-47e0-9733-f3c717069435,2025-10-27T09:37:52.349226,ride_completed,user_88,fake_driver_ad7d,ride_9f5404a8,35.759131415959615,51.39147871328866,35.75986123954525,51.39152692864853,26046.563772873145,0.5694532404319247,3.228740311234529,cash,,android_11,192.168.1.50
2bf3b06f-e5a6-4c29-a42f-ce3920ce0f4d,2025-10-27T09:38:52.349226,ride_completed,fake_user_16,driver_119,ride_0ce36a0b,35.70693567293665,51.401301398978866,35.72011946612816,51.41367494583234,51528.45655859012,2.5682390216326443,14.49020345299665,cash,SNAPP_FAKE_PROMO,android_11,192.168.1.9
500a3252-fe6c-4a0a-9618-6099d47f1bec,2025-10-27T09:43:52.349226,ride_completed,fake_user_4,driver_125,ride_fcc8178d,35.719499271546006,51.421046204181145,35.72328530732345,51.41634751496252,98410.96620138478,3.299787872581083,12.46893253675286,credit_card,SNAPP_FAKE_PROMO,android_11,192.168.1.131
a31cc726-1f47-4b62-bca1-c2e8555a4e50,2025-10-27T09:44:52.349226,ride_completed,user_60,fake_driver_ad7d,ride_ff00967b,35.74907531249779,51.391464711035475,35.747494470685595,51.39252726267591,27620.31490330628,0.8714899125802648,4.870440138308247,cash,,android_11,192.168.1.112
777a6ec8-f3a6-4ff3-817c-381c44f85ab7,2025-10-27T09:48:52.349226,ride_completed,fake_user_10,driver_100,ride_3e11d980,35.71821991398403,51.403617939151154,35.72784669692319,51.44781700075663,78937.25556972818,4.6656718921860385,14.240250627112923,cash,SNAPP_FAKE_PROMO,android_11,192.168.1.238
ae8bd867-68f0-4026-98f9-a23bdf0dd2fd,2025-10-27T09:51:52.349226,ride_completed,user_86,fake_driver_ad7d,ride_2815d4ff,35.75199066082509,51.403841881027134,35.75016956923558,51.40425277395233,25329.633471910478,1.2267985324072808,5.829683931772737,cash,,android_11,192.168.1.63
3512f64a-7861-4be7-968a-560223acca1b,2025-10-27T09:53:52.349226,ride_completed,fake_user_16,driver_186,ride_d8fb2fb1,35.72311114687131,51.41690321348422,35.73447206737921,51.423929437072296,73776.99529260006,4.702179360316666,18.01789788872807,cash,SNAPP_FAKE_PROMO,android_11,192.168.1.200
8457a84b-e6a5-4461-95d4-b3aec6510ebd,2025-10-27T09:58:52.349226,ride_completed,user_16,fake_driver_ad7d,ride_0e18e50f,35.747337554455946,51.39956707403589,35.746601757298365,51.39989104165098,26432.376837415533,1.045950692699554,3.667188441564676,cash,,android_11,192.168.1.175
c8f46eb2-4c89-4881-b85a-7fc2b3ddb658,2025-10-27T09:58:52.349226,ride_completed,fake_user_15,driver_154,ride_370d1400,35.71879263078217,51.41193476488782,35.714552698309596,51.43777031461863,80042.81085479505,4.523532445911164,12.833771292647357,cash,SNAPP_FAKE_PROMO,android_11,192.168.1.96
de1ece17-e2f3-4303-a3e2-98fd80e47dd5,2025-10-27T10:03:52.349226,ride_completed,fake_user_0,driver_114,ride_6bb08a0b,35.71629778750502,51.415647413787745,35.73891550026124,51.43057575164531,50042.66453215431,3.237111361092172,18.82931532767801,cash,SNAPP_FAKE_PROMO,android_11,192.168.1.152
fbf178e0-5bfd-4fe6-8ed1-90351f9c8108,2025-10-27T10:05:52.349226,ride_completed,user_81,fake_driver_ad7d,ride_c02791db,35.753670073718524,51.39984884562449,35.75284559895235,51.39987035910327,29410.86298977063,1.2862626227254652,5.305872933881577,cash,,android_11,192.168.1.128
705c876e-f033-4e5b-8305-899545e3c114,2025-10-27T10:08:52.349226,ride_completed,fake_user_14,driver_163,ride_f02784df,35.712755042736774,51.428687851465476,35.721853451123685,51.437565777665554,66027.6687551208,2.4966824949768593,18.24093380253586,cash,SNAPP_FAKE_PROMO,android_11,192.168.1.126
d3c961c1-c4c9-4df3-a2e3-0ca24ea7990c,2025-10-27T10:12:52.349226,ride_completed,user_76,fake_driver_ad7d,ride_ed6f0f7b,35.74704934153974,51.395710825213555,35.74850271750097,51.39461168621394,21193.688575210082,0.7429641225645003,5.105992312509578,cash,,android_11,192.168.1.80
18385fac-0fd5-4026-b7fe-02fb9f6a7a88,2025-10-27T10:13:52.349226,ride_completed,fake_user_8,driver_186,ride_710006d8,35.71310758915323,51.42196673987755,35.732837967861585,51.41710159487089,83250.31650379187,4.8821334958404625,19.868743662480277,cash,SNAPP_FAKE_PROMO,android_11,192.168.1.154
d7cac5f5-1624-4af3-b2a8-a515c0528de8,2025-10-27T10:18:52.349226,ride_completed,fake_user_5,driver_197,ride_061402ee,35.72073301564578,51.43182256853839,35.73058896709705,51.42534560662177,92219.03274093199,2.076182258784911,17.572782393632497,cash,SNAPP_FAKE_PROMO,android_11,192.168.1.211
12e0220a-81b6-429c-9af9-b12699b7686c,2025-10-27T10:19:52.349226,ride_completed,user_71,fake_driver_ad7d,ride_90fa926c,35.74705726106803,51.40425648714639,35.74682225777438,51.40377138629129,22763.70480933268,0.6567714962111791,3.373254232924525,cash,,android_11,192.168.1.219
4d5370cc-1f67-4ce8-ac9b-6bb1cea1ce0c,2025-10-27T10:23:52.349226,ride_completed,fake_user_15,driver_106,ride_35479de6,35.714212454000425,51.40814720367434,35.73150934137732,51.42132571146883,69463.91896929799,4.3843690533465605,16.160541957515342,cash,SNAPP_FAKE_PROMO,android_11,192.168.1.119
c21ddc7c-4839-4acc-9cfd-18e313b0a183,2025-10-27T10:26:52.349226,ride_completed,user_88,fake_driver_ad7d,ride_5a908b9f,35.748166399914254,51.40319166769736,35.747356537086326,51.40383134710347,28185.701481326578,0.9561902180927805,4.617254997558197,cash,,android_11,192.168.1.18
1a4d885e-52b6-4f29-99c5-6157afd9da43,2025-10-27T10:28:52.349226,ride_completed,fake_user_15,driver_103,ride_098d5565,35.70972516616686,51.41623071374653,35.748066068828365,51.40533243392801,61455.663270792225,3.7808618236984097,13.097889765220646,cash,SNAPP_FAKE_PROMO,android_11,192.168.1.110
68c166f7-8cd4-4501-91e6-b8124d4c5008,2025-10-27T10:33:52.349226,ride_completed,fake_user_2,driver_199,ride_de641561,35.72941838701046,51.42913338117897,35.73165502535741,51.40661204276195,93919.65409776915,2.204681314460788,14.77346766806874,cash,SNAPP_FAKE_PROMO,android_11,192.168.1.59
5672ab5c-0351-4817-8e16-f052ad294675,2025-10-27T10:33:52.349226,ride_completed,user_27,fake_driver_ad7d,ride_2de3ee01,35.75250901524747,51.40426922285044,35.75220025594842,51.40400597212584,29817.140215874035,1.0449875981394219,3.477071735581363,cash,,android_11,192.168.1.13
f74540a3-19f2-457c-af9d-eb537ec3fa8c,2025-10-27T10:38:52.349226,ride_completed,fake_user_16,driver_126,ride_9ccf8293,35.72968222003699,51.43608380692192,35.73261730984435,51.425844034401294,75523.77594024164,3.252619082830122,13.960716871563882,credit_card,SNAPP_FAKE_PROMO,android_11,192.168.1.84
32f385f0-81f9-42d8-be5e-dfcdde67f8d5,2025-10-27T10:40:52.349226,ride_completed,user_84,fake_driver_ad7d,ride_1969501c,35.760165026626176,51.396747021519694,35.759653411918976,51.398386841312906,20386.528765777766,1.1382368799057376,6.237562994087845,cash,,android_11,192.168.1.165
39cb9c91-1d23-4557-9d70-e4c691051944,2025-10-27T10:43:52.349226,ride_completed,fake_user_4,driver_135,ride_2b2b9066,35.72282209405237,51.44145349648943,35.72480721873901,51.42519833073981,77866.88869699638,4.979401326909278,15.041422221536106,cash,SNAPP_FAKE_PROMO,android_11,192.168.1.176
b0fad56c-7e5b-45e3-ae05-1efbe424518e,2025-10-27T10:47:52.349226,ride_completed,user_50,fake_driver_ad7d,ride_487fa713,35.75431454891553,51.40377015981487,35.7560812295513,51.4038002269943,21675.66646332896,1.1399865562359808,6.85931736108788,cash,,android_11,192.168.1.130
a4d5e9d8-2492-4900-985c-21770578db09,2025-10-27T10:48:52.349226,ride_completed,fake_user_14,driver_113,ride_91bc4211,35.717373841303015,51.42922164186943,35.71748163231537,51.432893390701395,51535.43682318704,2.4881877533157266,13.95577464365506,cash,SNAPP_FAKE_PROMO,android_11,192.168.1.124
c93a9b62-6fd9-4e33-bfd8-223b9561eb7a,2025-10-27T10:53:52.349226,ride_completed,fake_user_16,driver_150,ride_facfe5eb,35.728378713488084,51.41292308315775,35.719686411201764,51.443161216872994,98613.09730704635,4.863099723232878,15.940456331786393,cash,SNAPP_FAKE_PROMO,android_11,192.168.1.16
f5e53e35-1e1a-4aec-8356-1d9a50850991,2025-10-27T10:54:52.349226,ride_completed,user_40,fake_driver_ad7d,ride_fec6e82c,35.75301732786855,51.39903280600267,35.75138822503645,51.39923860212583,26545.33883112204,0.9388506770736323,5.994606262688752,cash,,android_11,192.168.1.183
97bbd8c8-db86-48a8-8eaa-4e8824109db2,2025-10-27T10:58:52.349226,ride_completed,fake_user_3,driver_170,ride_308c8d02,35.71902608259262,51.42288981953025,35.74063894112243,51.421952635607006,78112.46946059956,4.733059531788683,10.984531907724218,credit_card,SNAPP_FAKE_PROMO,android_11,192.168.1.106
489c26e4-0fb2-4f5f-bf65-af09f65fd9a1,2025-10-27T11:01:52.349226,ride_completed,user_77,fake_driver_ad7d,ride_dd9c37c5,35.74543137592884,51.39916993477029,35.74444723349019,51.39851908623588,28300.346926372415,0.7054784836160508,3.859854459192634,cash,,android_11,192.168.1.218
40db6b92-1eb5-4a52-a07d-dabcc94b9f16,2025-10-27T11:03:52.349226,ride_completed,fake_user_15,driver_113,ride_b8817bd1,35.72026441600929,51.41027122081067,35.72192365036359,51.43476382673315,67345.96086717948,3.815248336874866,12.804896286197058,credit_card,SNAPP_FAKE_PROMO,android_11,192.168.1.125
2e21ea4a-6305-46a8-bf42-49f2224cdaee,2025-10-27T11:08:52.349226,ride_completed,fake_user_11,driver_101,ride_9ad9f787,35.708267676774234,51.435020474254685,35.728525757327986,51.451842431691055,76766.96039001225,2.8633577244158297,17.806879454746074,credit_card,SNAPP_FAKE_PROMO,android_11,192.168.1.34
53ef0aab-233e-47e3-9f81-9e1c41f2c026,2025-10-27T11:08:52.349226,ride_completed,user_95,fake_driver_ad7d,ride_efa80b33,35.738746476997704,51.395726548405726,35.73884182912068,51.39632737944508,23521.828804761506,1.282810248440258,4.055641104594728,cash,,android_11,192.168.1.148
e782ebb3-b055-4ddf-8b39-1af00beead0c,2025-10-27T11:13:52.349226,ride_completed,fake_user_14,driver_182,ride_3b32a217,35.721874766882344,51.413368042649175,35.73910826188751,51.42270549391974,52065.81041076697,2.9508928707323485,15.024372370852515,credit_card,SNAPP_FAKE_PROMO,android_11,192.168.1.55
f7b5eccf-7033-4248-a445-837f5148692f,2025-10-27T11:15:52.349226,ride_completed,user_64,fake_driver_ad7d,ride_293183cd,35.74919865954047,51.40331028318107,35.74810346019465,51.40507470086939,27186.708274703997,0.8753600569759961,4.08345623637116,cash,,android_11,192.168.1.84
0e3f26c8-9700-41f4-a629-74c58b75deea,2025-10-27T11:18:52.349226,ride_completed,fake_user_8,driver_104,ride_8c16f649,35.717065123180625,51.43197907229951,35.72663506348449,51.43473880378594,61581.54154306709,4.527523670220651,14.209737440066117,cash,SNAPP_FAKE_PROMO,android_11,192.168.1.247
864c095e-8f69-4488-83ff-3fd837528566,2025-10-27T11:22:52.349226,ride_completed,user_15,fake_driver_ad7d,ride_6533ea14,35.751560003510484,51.405257554773605,35.751095067453775,51.405309884686275,29702.439065592233,0.9393986598132756,6.889984291950885,cash,,android_11,192.168.1.9
bd1d5333-ac6a-4d5f-a199-389c9ae21e5a,2025-10-27T11:23:52.349226,ride_completed,fake_user_2,driver_171,ride_e12d10dc,35.72329379655706,51.40886519475134,35.74082198472149,51.44442367417193,63238.39823770977,2.8687018662016346,11.182080275645362,credit_card,SNAPP_FAKE_PROMO,android_11,192.168.1.117
9e532151-f1db-4fc7-8edf-ef3d34d4d512,2025-10-27T11:28:52.349226,ride_requested,fake_user_3,driver_141,ride_62c6ea66,35.72786924319272,51.42542327592641,35.75076112236918,51.42964124477979,98046.74208515568,4.375183225766464,18.72410366861537,cash,SNAPP_FAKE_PROMO,android_11,192.168.1.38
2edd3c7e-4625-4b35-9ad5-d02215f056ec,2025-10-27T11:29:52.349226,ride_completed,user_94,fake_driver_ad7d,ride_bb728b34,35.76038708120972,51.40110422872974,35.75954313979908,51.40000311621239,24412.800054493742,1.4393837156357905,3.7276444920787744,cash,,android_11,192.168.1.242
7c57f944-1307-4a65-b2ec-81a5e0b81e4b,2025-10-27T11:33:52.349226,ride_completed,fake_user_6,driver_138,ride_8d4b5a51,35.713149494447954,51.42143229973087,35.72564281996472,51.42519677200879,56708.44945847972,2.752711827730735,13.21362839373708,cash,SNAPP_FAKE_PROMO,android_11,192.168.1.139
e5f507ca-abad-47dd-8d53-bb20658ee5d2,2025-10-27T11:36:52.349226,ride_completed,user_49,fake_driver_ad7d,ride_5f4543d0,35.748787638167975,51.39428746053543,35.748440508407526,51.39426395229802,24961.389801349032,0.5451396665093594,6.021814365766883,cash,,android_11,192.168.1.17
eae881aa-27e1-41e8-9052-852fba25997c,2025-10-27T11:38:52.349226,ride_completed,fake_user_14,driver_177,ride_a1106ed1,35.715479367516664,51.41538007227732,35.73026848722731,51.438727402502124,60510.864376187914,2.9692510986170775,12.264645037112533,cash,SNAPP_FAKE_PROMO,android_11,192.168.1.92
d637d031-0317-4d36-a2e6-75f1e0c341d9,2025-10-27T11:43:52.349226,ride_completed,user_83,fake_driver_ad7d,ride_e965e33d,35.74987682269166,51.40419530675558,35.75100463449872,51.40458137847802,21950.16289100738,1.3111198874015089,4.560026130253602,cash,,android_11,192.168.1.102
6c10b34c-e155-4b57-90bd-ff5a68f1d694,2025-10-27T11:43:52.349226,ride_requested,fake_user_13,driver_167,ride_b46b397e,35.72031842694095,51.41757481208932,35.73763854142505,51.426745287617244,63499.91311720379,4.45373800703571,12.974387215676643,cash,SNAPP_FAKE_PROMO,android_11,192.168.1.223
c1447d59-ff81-4cda-9150-da1390ba332f,2025-10-27T11:48:52.349226,ride_completed,fake_user_8,driver_118,ride_674515b4,35.72951444621457,51.44346546365735,35.72001940410058,51.41985921792318,96816.32084662709,3.0751887054904,18.4346614507823,credit_card,SNAPP_FAKE_PROMO,android_11,192.168.1.40
30636b43-f434-4d41-a70a-711a3f12c630,2025-10-27T11:50:52.349226,ride_completed,user_49,fake_driver_ad7d,ride_ed90c215,35.75134423720356,51.40534482003541,35.75158029594819,51.40549808366311,26554.034562826295,0.6103564904470847,4.491716442786669,cash,,android_11,192.168.1.119
a01d1f7f-bd30-4533-99fb-2478b59ba0ae,2025-10-27T11:53:52.349226,ride_completed,fake_user_8,driver_195,ride_005e53c9,35.73175119384984,51.410543819086286,35.74342072728706,51.41548313251274,92597.3376561215,4.741374141943706,15.128751934220897,credit_card,SNAPP_FAKE_PROMO,android_11,192.168.1.61
1d783481-c850-472d-ba29-e3328b5c7429,2025-10-27T11:57:52.349226,ride_completed,user_81,fake_driver_ad7d,ride_d39db32f,35.75040986995149,51.400565338458065,35.75055838290638,51.400808725525586,27666.167498381077,0.5577940618577545,4.708852890602175,cash,,android_11,192.168.1.18
a3675f04-0381-4134-943f-845ddae54f1c,2025-10-27T11:58:52.349226,ride_completed,fake_user_4,driver_163,ride_5e230d5e,35.715522328522574,51.415909650935234,35.74100937751971,51.420288965907126,71484.30765975216,4.735160416643419,13.710944718488946,cash,SNAPP_FAKE_PROMO,android_11,192.168.1.169
2a7ba572-59d0-4090-86a2-12b8cd0079ca,2025-10-27T12:03:52.349226,ride_completed,fake_user_0,driver_169,ride_8197e01e,35.71123111163381,51.41712248103758,35.73359974561893,51.428660882225,57350.12098840914,3.6320411792971075,10.670733913910034,credit_card,SNAPP_FAKE_PROMO,android_11,192.168.1.114
71a8193c-5aa8-4abe-bfdf-6c3e373b5558,2025-10-27T12:04:52.349226,ride_completed,user_16,fake_driver_ad7d,ride_5717541a,35.7576523409762,51.408457853976714,35.7579386733366,51.40844569138616,29268.81277860963,1.495435930216583,3.0089096240003927,cash,,android_11,192.168.1.41
f473b2f3-2e4e-4ac7-a1dd-3e37feb306f3,2025-10-27T12:08:52.349226,ride_requested,fake_user_19,driver_110,ride_036ddad9,35.72618941783111,51.42339997836995,35.72217081144345,51.42459124958111,52449.15923943443,4.109815503984162,15.17285107668043,cash,SNAPP_FAKE_PROMO,android_11,192.168.1.28
191f1ba7-e08a-4566-8308-33fd96fa70fd,2025-10-27T12:11:52.349226,ride_completed,user_53,fake_driver_ad7d,ride_33ab9bf7,35.74566373013213,51.40099604419563,35.74605853654153,51.399341291513494,28101.681873608934,0.5405793057465105,4.323265496751451,cash,,android_11,192.168.1.220
d65a4c4a-c3d3-41d4-85ef-94af4f61b3d5,2025-10-27T12:13:52.349226,ride_completed,fake_user_14,driver_126,ride_aeec73c2,35.7083535661816,51.41936446706616,35.75286879648601,51.438274541215485,75396.48476819304,3.272405751894597,18.769883208876088,credit_card,SNAPP_FAKE_PROMO,android_11,192.168.1.4
0a9419c6-2dc9-485f-8eb9-713b3db7ea72,2025-10-27T12:18:52.349226,ride_completed,fake_user_4,driver_118,ride_73ff50e6,35.718706535554645,51.409192301948096,35.729267038878326,51.4216183053273,67068.78228877178,2.9332196262147265,19.43467850784243,cash,SNAPP_FAKE_PROMO,android_11,192.168.1.175
cda38c7b-bc2e-4727-a096-16666258330e,2025-10-27T12:18:52.349226,ride_completed,user_55,fake_driver_ad7d,ride_274d8b66,35.739751428597216,51.390079016477145,35.74079446034168,51.39040948145211,25005.88088787728,0.9124435194398066,3.296013776350347,cash,,android_11,192.168.1.84
c7bbcc9c-59ba-4184-89b7-3f6c57e5221d,2025-10-27T12:23:52.349226,ride_completed,fake_user_2,driver_128,ride_72ac9081,35.71374759464779,51.425409202411636,35.73251244076102,51.410621937639036,54043.60250953007,3.1162590128440404,12.371444139688453,cash,SNAPP_FAKE_PROMO,android_11,192.168.1.99
397230ad-4afc-40d8-8e5a-da500ac256e2,2025-10-27T12:25:52.349226,ride_completed,user_20,fake_driver_ad7d,ride_7a0af0fe,35.74833510235988,51.39798461784445,35.74752570740353,51.39789920348999,20977.677641448725,0.6541535254210723,5.474087814845669,cash,,android_11,192.168.1.215
77ae7912-ad12-4800-814b-945fe39bb72b,2025-10-27T12:28:52.349226,ride_completed,fake_user_15,driver_141,ride_36c81334,35.72189713617502,51.423904945077034,35.739731713389375,51.43767706146337,72483.19963090491,2.1662126877162002,17.845759602465456,cash,SNAPP_FAKE_PROMO,android_11,192.168.1.171
bf2402e7-b2b6-4df4-aa60-566c5aa8d10c,2025-10-27T12:32:52.349226,ride_completed,user_38,fake_driver_ad7d,ride_cae63341,35.752488053307104,51.40065459348695,35.75296934156728,51.401882153908886,28823.25980397363,1.1021147539880618,5.291541608360173,cash,,android_11,192.168.1.136
ebc0b467-c214-4b12-9e30-f5ac722127f3,2025-10-27T12:33:52.349226,ride_completed,fake_user_3,driver_135,ride_56ff5e04,35.71195194549802,51.40711985316077,35.73496621511068,51.4285428890672,93420.71265631226,4.055546352437634,14.326089816210628,cash,SNAPP_FAKE_PROMO,android_11,192.168.1.144
da495466-86f0-459f-81a9-615da29ef82f,2025-10-27T12:38:52.349226,ride_requested,fake_user_15,driver_195,ride_35d2469c,35.70731419750189,51.42093217961332,35.72962878852123,51.413915806245726,58500.40437668036,4.452332473986401,19.93660889915497,cash,SNAPP_FAKE_PROMO,android_11,192.168.1.38
32204263-5db6-4243-a396-c416b2869d8b,2025-10-27T12:39:52.349226,ride_completed,user_34,fake_driver_ad7d,ride_9e9d5c0f,35.749845376024645,51.4022190670182,35.74997057793263,51.40162439404944,25536.004018327214,1.0074728073738681,4.09296871477653,cash,,android_11,192.168.1.86
0495b19a-60ce-44d6-b52f-9bdbe00dc6ee,2025-10-27T12:43:52.349226,ride_requested,fake_user_3,driver_183,ride_c700b873,35.721908616110035,51.41791887566146,35.73359006523416,51.42062822624339,98868.17511331469,2.7641216209846573,16.195266485995333,cash,SNAPP_FAKE_PROMO,android_11,192.168.1.145
b0e7d594-34f5-47e9-8dee-b2017770acf0,2025-10-27T12:46:52.349226,ride_completed,user_17,fake_driver_ad7d,ride_86ed3584,35.754853333287215,51.403853625872436,35.75442812673824,51.40480160249092,22619.276263177922,1.2562509186911757,5.012342481644758,cash,,android_11,192.168.1.166
fb288870-429a-4047-9384-bb7ffa3f6d87,2025-10-27T12:48:52.349226,ride_completed,fake_user_3,driver_102,ride_665f4176,35.72979581269204,51.40270621384274,35.74742638525408,51.43852949080612,95971.24730869941,3.251039729289467,14.999518226644103,credit_card,SNAPP_FAKE_PROMO,android_11,192.168.1.222
9780a36a-2227-42ff-8cf2-8054f9123d8e,2025-10-27T12:53:52.349226,ride_completed,user_32,fake_driver_ad7d,ride_9ca0af3f,35.75204891734412,51.39587943164434,35.750983000407,51.39444895590954,20613.488775419046,1.2024348268790197,6.323156918910032,cash,,android_11,192.168.1.166
21501e9c-280b-4b40-a91e-1bc095a8f092,2025-10-27T12:53:52.349226,ride_completed,fake_user_16,driver_106,ride_33aad0e4,35.725461041605875,51.42269861350617,35.7138614305011,51.424437848863896,97459.99175462329,2.4436430373219666,13.902394236841126,cash,SNAPP_FAKE_PROMO,android_11,192.168.1.36
7252bfaa-ebd4-43db-936e-a3ed0575e74b,2025-10-27T12:58:52.349226,ride_completed,fake_user_3,driver_161,ride_04006a5f,35.725951408597055,51.42193158102883,35.715750955970655,51.4283557170722,94924.05117592974,3.8809347896705892,18.39464549453367,cash,SNAPP_FAKE_PROMO,android_11,192.168.1.225
9e89ea5d-b8ae-422d-a884-273850292ea2,2025-10-27T13:00:52.349226,ride_completed,user_93,fake_driver_ad7d,ride_626f4488,35.74275867615504,51.39891083347636,35.74294525798277,51.39830641262344,25120.41016750303,1.1528755399190025,6.397500715018008,cash,,android_11,192.168.1.45
6e967287-b891-4a68-b4ea-36924540464b,2025-10-27T13:03:52.349226,ride_completed,fake_user_11,driver_135,ride_41674c9c,35.70933583891239,51.4282089567494,35.730600127849954,51.41854862971601,84661.00967966052,2.323693116795795,11.134110367134051,cash,SNAPP_FAKE_PROMO,android_11,192.168.1.47
15b12c18-b0c6-4f43-b635-31d809843609,2025-10-27T13:07:52.349226,ride_completed,user_10,fake_driver_ad7d,ride_d9613bfc,35.75269478480075,51.39277422808977,35.75104201121179,51.392267679108066,23659.771404961048,1.344437745596954,6.690666664239046,cash,,android_11,192.168.1.148
41efeb7c-85a0-40c8-b482-f9dd6b8c72f1,2025-10-27T13:08:52.349226,ride_completed,fake_user_13,driver_188,ride_06111c75,35.71952610559252,51.41776446774812,35.73754439383346,51.43591216277517,84894.54408262516,2.368451835599983,17.810831352753688,cash,SNAPP_FAKE_PROMO,android_11,192.168.1.202
2b46ac6a-f6fa-4465-b4d2-4c9df07ad432,2025-10-27T13:13:52.349226,ride_completed,fake_user_7,driver_142,ride_1163049b,35.709197678294174,51.414270573718696,35.72872905398281,51.448861202739515,66796.01394762355,4.61815758081409,13.689689564913238,credit_card,SNAPP_FAKE_PROMO,android_11,192.168.1.39
f694f496-8589-4595-ad99-4556b11275ab,2025-10-27T13:14:52.349226,ride_completed,user_83,fake_driver_ad7d,ride_d091ce81,35.76566582777314,51.397491059519346,35.76586786735869,51.39817880760217,25508.6872991785,0.9354627024903868,6.227417170746444,cash,,android_11,192.168.1.123
32f1a2ba-0b6a-4e83-a596-f13059d4d1ca,2025-10-27T13:18:52.349226,ride_requested,fake_user_7,driver_160,ride_69cafcef,35.71286002944738,51.4171664353327,35.747563029272534,51.414053426642404,55788.283107345764,4.289003175302115,11.765364784544918,cash,SNAPP_FAKE_PROMO,android_11,192.168.1.172
84fde3bc-51f0-40a4-8532-acd8d2bad501,2025-10-27T13:21:52.349226,ride_completed,user_92,fake_driver_ad7d,ride_e0097688,35.75352871297614,51.40440937108139,35.75073223225652,51.40435988847722,26901.635839540275,1.328120136000053,5.066503891049599,cash,,android_11,192.168.1.221
b397113f-0563-4bc1-82bb-81a9c12ef07b,2025-10-27T13:23:52.349226,ride_requested,fake_user_1,driver_155,ride_973265dd,35.73452090821482,51.41053367369329,35.72138312220367,51.42974635937521,60686.07093108326,3.0870309411435404,10.829317901358001,cash,SNAPP_FAKE_PROMO,android_11,192.168.1.213
3b5a0a11-bcb5-4f35-a37a-70cf9394d856,2025-10-27T13:28:52.349226,ride_completed,user_54,fake_driver_ad7d,ride_65ce9c9c,35.74998733680759,51.40526782191503,35.75069690515124,51.40711211026586,22493.679621713367,0.92920135476986,3.1936125146671075,cash,,android_11,192.168.1.219
3f4a5913-d068-46a6-b07b-a049586d34b6,2025-10-27T13:28:52.349226,ride_completed,fake_user_14,driver_140,ride_7ebc0ad3,35.7183724866284,51.408943037938755,35.729650811362234,51.43189169675175,97548.31285758865,4.6500949644838485,16.0189190172733,cash,SNAPP_FAKE_PROMO,android_11,192.168.1.188
7a0f76ad-e79c-4c35-a3fa-3e765b9c6bcf,2025-10-27T13:33:52.349226,ride_completed,fake_user_4,driver_108,ride_2c3bcecd,35.71964665010903,51.4173064675826,35.740620503929684,51.41854066715878,95915.37109728066,2.2480422465008276,16.837512832590637,cash,SNAPP_FAKE_PROMO,android_11,192.168.1.202
64219a10-afe5-486e-a3cc-bbc248d781ed,2025-10-27T13:35:52.349226,ride_completed,user_88,fake_driver_ad7d,ride_196ea3a5,35.750093575612944,51.39656984826783,35.751033410662146,51.39533772647497,26506.426122174747,0.7002691594577977,3.7033577931039545,cash,,android_11,192.168.1.170
b65f4ec2-4738-49bf-b1da-da24bf6f738e,2025-10-27T13:38:52.349226,ride_completed,fake_user_4,driver_178,ride_1cbf5e45,35.71084908953433,51.41483693139864,35.71202814478215,51.43665117316468,92146.45855665024,3.3833788680908983,12.618919838965665,cash,SNAPP_FAKE_PROMO,android_11,192.168.1.106
280d620f-c11a-4948-8785-d1c2a3234df9,2025-10-27T13:42:52.349226,ride_completed,user_61,fake_driver_ad7d,ride_2af763ba,35.74605248743427,51.39590621130625,35.74623492116126,51.394780010868025,22214.918663070315,0.6488890951848134,3.579674966778039,cash,,android_11,192.168.1.39
cc7f1082-72bb-46b3-8ea4-502a270f9c3f,2025-10-27T13:43:52.349226,ride_completed,fake_user_12,driver_197,ride_0b916207,35.71679559361354,51.41277718125419,35.73945506310617,51.43844457334306,93196.59157838166,3.918293359696785,14.248481096238189,cash,SNAPP_FAKE_PROMO,android_11,192.168.1.185
374a4d58-966b-4427-9644-42e37861d1da,2025-10-27T13:48:52.349226,ride_completed,fake_user_13,driver_182,ride_381c7a6d,35.72041695983732,51.41007856128948,35.75187780452319,51.429687411013504,57553.38448937227,3.7771743454865496,13.810124247315638,credit_card,SNAPP_FAKE_PROMO,android_11,192.168.1.86
85c10eb9-776e-4087-8154-3991f78fc190,2025-10-27T13:49:52.349226,ride_completed,user_67,fake_driver_ad7d,ride_8cc403d7,35.74295402097869,51.39460210565409,35.74334819664315,51.3935651418548,28469.79954964937,1.1533046335538175,5.380903637802333,cash,,android_11,192.168.1.210
b6882980-0672-4793-b042-39e0a6545b1c,2025-10-27T13:53:52.349226,ride_completed,fake_user_6,driver_116,ride_6e5a072e,35.72267456002313,51.41215756265886,35.72468549784482,51.44485385560567,51281.323024038786,2.513680390840457,18.477703688803146,cash,SNAPP_FAKE_PROMO,android_11,192.168.1.148
0f37f467-eb9a-4568-823c-1149d679c777,2025-10-27T13:56:52.349226,ride_completed,user_42,fake_driver_ad7d,ride_9e4594b4,35.75186975295204,51.406241429376,35.75235777062561,51.40509861444882,25016.9999553297,0.5542159155413151,4.49121224798294,cash,,android_11,192.168.1.81
7d767993-2c1a-4c41-82dc-cd85aea9c4e4,2025-10-27T13:58:52.349226,ride_completed,fake_user_8,driver_167,ride_b4b01665,35.72912535861415,51.41150134834637,35.72889470590569,51.43368258162018,72169.88016294403,3.54848384616926,14.784319333208057,credit_card,SNAPP_FAKE_PROMO,android_11,192.168.1.223
46c3cb95-0f0c-4b2c-87c4-f14ae26e7e60,2025-10-27T14:03:52.349226,ride_completed,user_41,fake_driver_ad7d,ride_645bc601,35.74902098513954,51.403794124701314,35.7475097915139,51.4045266891555,22263.710232126043,0.5557058202919748,5.739245354787462,cash,,android_11,192.168.1.253
570879d9-20c6-4c03-930e-67d446d338e4,2025-10-27T14:03:52.349226,ride_completed,fake_user_19,driver_137,ride_973a9193,35.690964812255814,51.43305021273275,35.74246831370201,51.432194313026464,97289.3233276356,3.468250745232175,15.419323424439808,credit_card,SNAPP_FAKE_PROMO,android_11,192.168.1.132
314b2873-821b-4101-9455-3cb12591c43e,2025-10-27T14:08:52.349226,ride_completed,fake_user_11,driver_103,ride_7fad52bb,35.71176638180038,51.428184227689336,35.73138304894717,51.43007996782392,61978.57123683627,4.637811780618531,12.39182584488307,cash,SNAPP_FAKE_PROMO,android_11,192.168.1.104
ddd290e5-aef7-4db8-839f-3f27c538b946,2025-10-27T14:10:52.349226,ride_completed,user_23,fake_driver_ad7d,ride_b26fc911,35.745011844737334,51.3959014160898,35.74620372861412,51.39647336229451,22724.684826370787,1.0687064888275,6.66714768469062,cash,,android_11,192.168.1.15
daa6860f-9808-4431-b56b-1f9dcd7b85bc,2025-10-27T14:13:52.349226,ride_completed,fake_user_10,driver_119,ride_4b96fdef,35.71184950378096,51.42702002968297,35.71604409447994,51.43646465150087,79160.60150124854,4.221734431721759,19.582878612819062,cash,SNAPP_FAKE_PROMO,android_11,192.168.1.165
54f29939-45dc-4fff-90bb-50a018e1ba62,2025-10-27T14:17:52.349226,ride_completed,user_89,fake_driver_ad7d,ride_39d72d91,35.748522059366856,51.39931529016383,35.74792529711757,51.399235085642324,26804.196499709804,1.3900447051962095,4.802663677511605,cash,,android_11,192.168.1.173
90ae844e-6486-423b-bc7a-dd91fffbb911,2025-10-27T14:18:52.349226,ride_completed,fake_user_0,driver_113,ride_0c376b0b,35.7299452921079,51.41349283317074,35.729757628408805,51.42979028260053,88827.30023641055,2.6518504750651624,15.040270300670112,credit_card,SNAPP_FAKE_PROMO,android_11,192.168.1.99
98996c15-bbf4-47fd-bc30-cad1a4fc0dec,2025-10-27T14:23:52.349226,ride_requested,fake_user_3,driver_165,ride_72ebccf9,35.72442608298023,51.4334066996818,35.73221962084439,51.4310251215071,57623.08874631426,4.28354033879784,18.830782829229108,credit_card,SNAPP_FAKE_PROMO,android_11,192.168.1.114
d3fca67b-86fb-4b60-a209-5a4fbe3fc55e,2025-10-27T14:24:52.349226,ride_completed,user_30,fake_driver_ad7d,ride_aac889a6,35.76051267544202,51.3926874523159,35.76107452249292,51.39233235716854,24319.864580056386,1.3064144108947047,4.453387899516956,cash,,android_11,192.168.1.139
eaa9055a-8485-4ca7-9346-bdbceafc2ae2,2025-10-27T14:28:52.349226,ride_completed,fake_user_3,driver_150,ride_45e8c6dd,35.719162605890496,51.408757590987825,35.73014941250143,51.430608003120724,54559.24485324941,4.5523358047492,18.197422300738438,cash,SNAPP_FAKE_PROMO,android_11,192.168.1.147
4b106629-17be-4419-86d1-185581fa730e,2025-10-27T14:31:52.349226,ride_completed,user_50,fake_driver_ad7d,ride_2a9e819a,35.75075753471739,51.40710615949466,35.751253096306925,51.40742639891792,28532.1392165988,1.2966315224906757,3.542859823504665,cash,,android_11,192.168.1.34
9f98b4d7-17bb-4c28-93b2-a68e876f79aa,2025-10-27T14:33:52.349226,ride_completed,fake_user_4,driver_114,ride_835861f4,35.73460793081916,51.42350979872073,35.73875956581998,51.43940512327137,67070.74518491045,4.362869824975829,11.467667233640576,cash,SNAPP_FAKE_PROMO,android_11,192.168.1.27
e0eafb8d-259d-4c51-94be-a646ac996735,2025-10-27T14:38:52.349226,ride_completed,fake_user_2,driver_194,ride_251c6248,35.73477649384252,51.407819806723495,35.73152065026171,51.43940176728511,53059.02993414631,2.6231160211316253,14.858205225168579,credit_card,SNAPP_FAKE_PROMO,android_11,192.168.1.205
7d29defe-08a2-4173-9efc-ec5319c8ea7c,2025-10-27T14:38:52.349226,ride_completed,user_82,fake_driver_ad7d,ride_075e00c2,35.7435864464989,51.39682286616966,35.74413316060929,51.39707788664011,23921.108558841348,1.3474092997228317,5.249149474601202,cash,,android_11,192.168.1.194
71f040d6-c70d-4b4c-8579-094fecc3a739,2025-10-27T14:43:52.349226,ride_completed,fake_user_13,driver_191,ride_344341b8,35.71152266776281,51.40235691730019,35.73942374157295,51.44525037355367,87414.12826195333,3.922093282795177,16.38333652714545,cash,SNAPP_FAKE_PROMO,android_11,192.168.1.3
14145c17-e1a0-432c-a04f-806a403980f7,2025-10-27T14:45:52.349226,ride_completed,user_64,fake_driver_ad7d,ride_9cbcb954,35.74800079826302,51.38893390771787,35.74619207514244,51.389315006961844,28157.385661072898,1.1589308290230391,5.6731852012313215,cash,,android_11,192.168.1.201
028e8291-e8ca-4f76-a9fe-ec5901d27857,2025-10-27T14:48:52.349226,ride_completed,fake_user_0,driver_195,ride_f7ba6654,35.73352395821309,51.43117020237037,35.7117327076306,51.41860709453054,83959.8969040093,3.770916845893563,12.415966004203561,credit_card,SNAPP_FAKE_PROMO,android_11,192.168.1.141
6779a8fd-1c82-428e-b0cf-ba4a4edc252a,2025-10-27T14:52:52.349226,ride_completed,user_35,fake_driver_ad7d,ride_b078e9ea,35.74756423461168,51.39135327876016,35.74776314916036,51.39424502415661,21725.895189565796,1.0963464384016077,5.397277505284934,cash,,android_11,192.168.1.65
b9066a8a-2fee-4977-bd76-3589b81b9218,2025-10-27T14:53:52.349226,ride_completed,fake_user_14,driver_155,ride_0ce2f6c6,35.71723508607625,51.408780237209214,35.73030233533101,51.449959988899096,51309.15656577743,3.912948055742483,13.403264536129882,credit_card,SNAPP_FAKE_PROMO,android_11,192.168.1.111
dee11bc3-cf9b-4fe3-bd91-6ee6a6d2913f,2025-10-27T14:58:52.349226,ride_completed,fake_user_17,driver_137,ride_91e29784,35.7036284229007,51.43361802513192,35.72595689619536,51.42037129422369,75239.39661836045,4.684827489349672,17.797612945419434,cash,SNAPP_FAKE_PROMO,android_11,192.168.1.232
be470bf0-465f-4623-baae-6499fe3883be,2025-10-27T14:59:52.349226,ride_completed,user_83,fake_driver_ad7d,ride_b4814c71,35.74070630844074,51.40021311682836,35.739936906225246,51.399479066639806,21498.709621946713,1.3622201102814038,3.3409813575966743,cash,,android_11,192.168.1.154
06491c67-eb44-4167-8416-55f65668a8a7,2025-10-27T15:03:52.349226,ride_requested,fake_user_19,driver_131,ride_190bf350,35.72614404016494,51.41780933406123,35.74065023278095,51.436290468373215,83462.09902875207,3.6598860380278637,19.862807164492015,cash,SNAPP_FAKE_PROMO,android_11,192.168.1.43
88d2758f-593d-4116-b075-9b111c8dc975,2025-10-27T15:06:52.349226,ride_completed,user_49,fake_driver_ad7d,ride_fbaa02d8,35.749781343288646,51.39536269062068,35.74928261151182,51.395727853721446,23007.305751821485,1.0620534793061862,6.8320197796660445,cash,,android_11,192.168.1.41
92cb6d59-1906-46a9-bad5-470b9a9dd51c,2025-10-27T15:08:52.349226,ride_completed,fake_user_18,driver_114,ride_69c8a51b,35.731611399646134,51.40560068211654,35.733407610554586,51.42386701384279,55698.252473238186,2.972197215087854,19.134231626668573,cash,SNAPP_FAKE_PROMO,android_11,192.168.1.104
7e4a6d0b-2277-4d08-8296-82fa938d3c4c,2025-10-27T15:13:52.349226,ride_completed,user_32,fake_driver_ad7d,ride_4f33e32b,35.75256006773188,51.39093264810412,35.75441574218855,51.39130669257569,25113.20286563837,1.3578009986484436,3.4353171003464245,cash,,android_11,192.168.1.114
bd33fe62-58bd-4582-a639-c4ba40e7887d,2025-10-27T15:13:52.349226,ride_completed,fake_user_17,driver_156,ride_48539426,35.71434796038148,51.42851215928316,35.723311061430394,51.40768054006298,72001.39172212053,4.210610902739489,19.84546178085433,credit_card,SNAPP_FAKE_PROMO,android_11,192.168.1.124
7c9e4046-4d96-4014-9800-c9ac1f232be7,2025-10-27T15:18:52.349226,ride_completed,fake_user_14,driver_139,ride_79622d61,35.71996685081227,51.40524960015794,35.724668566387486,51.43031905998673,90186.39308221004,4.658187531085538,10.033904880444304,cash,SNAPP_FAKE_PROMO,android_11,192.168.1.244
6d147ff6-459b-4af9-bc26-3bab044afbc9,2025-10-27T15:20:52.349226,ride_completed,user_62,fake_driver_ad7d,ride_2e179346,35.75022597231122,51.399250385117924,35.74926228099909,51.398500833100265,24688.067172960033,1.303507812049177,4.912858716624633,cash,,android_11,192.168.1.211
7228aca8-406f-42c1-b37a-bb9fa2fa4f10,2025-10-27T15:23:52.349226,ride_completed,fake_user_12,driver_177,ride_3ce2a8d2,35.719968327615156,51.436767735517265,35.718024765719264,51.4251641681301,72060.30133093908,3.1850427787548767,12.067640645240807,cash,SNAPP_FAKE_PROMO,android_11,192.168.1.115
9749802b-d303-4b32-85b3-ffde7421cfb8,2025-10-27T15:27:52.349226,ride_completed,user_54,fake_driver_ad7d,ride_e758f4c5,35.752557763233796,51.405288412829904,35.75176059764747,51.40602017300321,21602.57512490755,1.4142980107959626,5.182021468979239,cash,,android_11,192.168.1.20
178ceea0-805c-4e22-8d62-33cfcfdba1f0,2025-10-27T15:28:52.349226,ride_completed,fake_user_7,driver_103,ride_88648c76,35.71743932741113,51.412749500176965,35.72389112910585,51.420175798173986,72485.34608276314,2.261655490528394,16.294807220161495,cash,SNAPP_FAKE_PROMO,android_11,192.168.1.165
599737ea-0f74-4609-ab28-314d054717ee,2025-10-27T15:33:52.349226,ride_completed,fake_user_15,driver_162,ride_d7cd634b,35.72125565403206,51.41416694261877,35.704667734804055,51.434076668281875,60353.614794179186,3.358293171294614,11.191799164474466,cash,SNAPP_FAKE_PROMO,android_11,192.168.1.65
7455c91f-77d9-4eab-9ae4-0331f70e784e,2025-10-27T15:34:52.349226,ride_completed,user_70,fake_driver_ad7d,ride_924a7394,35.754819536813876,51.39833445302534,35.75527170021529,51.39839047589386,20094.482074637002,1.164283471496451,4.79880754756333,cash,,android_11,192.168.1.224
404b46fa-9ecd-4cae-ba1e-38e9069833d7,2025-10-27T15:38:52.349226,ride_completed,fake_user_11,driver_160,ride_f6d74193,35.72192620559782,51.415149303443414,35.73260132841113,51.4270811778404,87227.04962508057,4.908689896705226,12.906287918443741,credit_card,SNAPP_FAKE_PROMO,android_11,192.168.1.220
f908b1b1-fa17-4c00-acab-6e3d72055a36,2025-10-27T15:41:52.349226,ride_completed,user_28,fake_driver_ad7d,ride_ddd3db80,35.75061277029834,51.38359174961928,35.75080489011065,51.38471370345069,26104.400243330132,0.6970017163289697,6.780619933420479,cash,,android_11,192.168.1.47
63529b67-55e0-4cb7-907c-fef4deeaa41d,2025-10-27T15:43:52.349226,ride_completed,fake_user_0,driver_134,ride_63777b00,35.72696090688396,51.41057826769359,35.72379605493555,51.42889435723895,77709.49076520068,3.797164896696904,10.663578656200453,cash,SNAPP_FAKE_PROMO,android_11,192.168.1.99
21376f11-7147-42d1-957a-d1c15d312686,2025-10-27T15:48:52.349226,ride_completed,fake_user_1,driver_177,ride_a52b488c,35.726990986505626,51.433192475449744,35.727257177131435,51.41402319724238,78174.00498067931,3.5511853940178657,10.692194606192256,cash,SNAPP_FAKE_PROMO,android_11,192.168.1.46
570b4375-2f46-4643-9d29-bd6d0a6dc814,2025-10-27T15:48:52.349226,ride_completed,user_32,fake_driver_ad7d,ride_1433acd1,35.75637279627335,51.39533141171797,35.75617352364248,51.39502660698758,20005.819539148128,1.4047487388196553,3.119363534791211,cash,,android_11,192.168.1.190
419c2c3a-eea0-44b6-9cc3-0d15ed72adb6,2025-10-27T15:53:52.349226,ride_requested,fake_user_8,driver_118,ride_8809131d,35.70413941075231,51.41416337502369,35.739434685962614,51.42120362660216,80629.0542723299,3.7156413622075615,13.968691875380173,cash,SNAPP_FAKE_PROMO,android_11,192.168.1.228
fa2bc508-a972-4db2-aea9-3c8702d4c9d6,2025-10-27T15:55:52.349226,ride_completed,user_15,fake_driver_ad7d,ride_97c804c3,35.75186868343009,51.403255006221585,35.75293104584045,51.40401045100431,24461.271499240094,0.5184997449375024,5.492441515336038,cash,,android_11,192.168.1.155
5ec3dac0-e177-4423-a004-32eaefd3e52d,2025-10-27T15:58:52.349226,ride_requested,fake_user_11,driver_100,ride_2d756d77,35.728431398040094,51.41259620117278,35.73786684091988,51.42376216838441,93005.56168174472,3.433829462143137,14.617459900786834,cash,SNAPP_FAKE_PROMO,android_11,192.168.1.138
83592f2a-8e3d-446c-9b04-9fb91b534ae5,2025-10-27T16:02:52.349226,ride_completed,user_67,fake_driver_ad7d,ride_69a339a8,35.74354052498911,51.40807164045973,35.74407195425267,51.40741482738497,21301.244408023867,0.9588284700308893,5.898428513787798,cash,,android_11,192.168.1.234
fac00203-7fc0-4a45-a5a9-8af3301e09a4,2025-10-27T16:03:52.349226,ride_completed,fake_user_19,driver_142,ride_b26ba4d4,35.70928009446034,51.415436377548396,35.73533604559268,51.428052385834285,87049.29466708796,2.475052626834934,10.721971658120196,cash,SNAPP_FAKE_PROMO,android_11,192.168.1.41
b359324e-9e4b-4241-9049-a34de55c69b9,2025-10-27T16:08:52.349226,ride_completed,fake_user_9,driver_147,ride_b81f017b,35.71599260792682,51.42211786217236,35.73798870276305,51.44141404429889,74344.51973298987,4.197560446100145,19.26141600033333,credit_card,SNAPP_FAKE_PROMO,android_11,192.168.1.224
9f320811-7a63-48c3-a9b5-c0bf48c3cf4a,2025-10-27T16:09:52.349226,ride_completed,user_75,fake_driver_ad7d,ride_c0c0ced6,35.75328428388656,51.40153675349245,35.75316609448791,51.40079619708551,25506.169834345998,1.1844070775592543,3.5868695595469537,cash,,android_11,192.168.1.94
004f7f34-7eb3-465b-9efb-2a9e8ac66e9a,2025-10-27T16:13:52.349226,ride_completed,fake_user_18,driver_148,ride_543020bf,35.71377555797986,51.416662625974624,35.72276868650974,51.43477339273759,88553.51309138848,2.0981164972923714,11.566793539494075,cash,SNAPP_FAKE_PROMO,android_11,192.168.1.121
e4bf7fbf-da23-4a52-bd29-05973ede9142,2025-10-27T16:16:52.349226,ride_completed,user_90,fake_driver_ad7d,ride_3d41c014,35.74842108866882,51.40378363128807,35.747992939739866,51.40542052731933,20980.73997197717,0.9374980318015348,4.176595351395663,cash,,android_11,192.168.1.70
16bd4c29-c17b-490b-8041-b7b7bd9119bb,2025-10-27T16:18:52.349226,ride_completed,fake_user_14,driver_155,ride_2a8ff1ef,35.725570652495584,51.42095019279666,35.73361486773249,51.421641270180125,94988.6280558802,2.387737305925378,15.626002780695321,credit_card,SNAPP_FAKE_PROMO,android_11,192.168.1.109
e45de2c8-6db6-4fc2-a1ca-463ce51a85b1,2025-10-27T16:23:52.349226,ride_completed,fake_user_5,driver_165,ride_6f4368ee,35.7168874186281,51.42314434193208,35.71408964723686,51.425925262390564,64787.02900990621,2.0554159163378376,19.788797212449147,cash,SNAPP_FAKE_PROMO,android_11,192.168.1.107
a8d4f255-b83c-490c-8f0b-39c07ee180d5,2025-10-27T16:28:52.349226,ride_completed,fake_user_18,driver_121,ride_5b863350,35.72637077598296,51.42748501168991,35.72628079897973,51.42444454168647,97894.53386841546,3.1635116902794502,13.73344187412349,cash,SNAPP_FAKE_PROMO,android_11,192.168.1.98
e961d534-aa72-4f9b-9845-8011eebe18f9,2025-10-27T16:33:52.349226,ride_completed,fake_user_10,driver_132,ride_908e6cf7,35.7185888418954,51.42883317464208,35.7340928104766,51.44612334121868,90340.18622533756,4.773983014203459,15.724453179129437,credit_card,SNAPP_FAKE_PROMO,android_11,192.168.1.247
3c05a7ef-c5a9-4308-9657-f5e1710fa38d,2025-10-27T16:38:52.349226,ride_completed,fake_user_4,driver_197,ride_56a5cfcf,35.730741157527675,51.41415807324536,35.73161918720169,51.43522375416401,76393.61967444024,3.875216457756779,10.79277357215333,credit_card,SNAPP_FAKE_PROMO,android_11,192.168.1.216
32b6c86c-41c1-4503-9cd8-19100faeefbf,2025-10-27T16:43:52.349226,ride_completed,fake_user_18,driver_173,ride_50fbb38a,35.713686558123676,51.418622621924804,35.71797856099961,51.42853315538762,80382.31002444508,4.614745508481565,19.93801309767221,credit_card,SNAPP_FAKE_PROMO,android_11,192.168.1.221
6dbe9fdc-1a75-4d88-b267-7cda8025d1b7,2025-10-27T16:48:52.349226,ride_completed,fake_user_13,driver_158,ride_a01e9678,35.72512440454942,51.40623013469516,35.72330001931241,51.42820788569784,77650.54585345279,4.926918277652845,15.599378634755318,cash,SNAPP_FAKE_PROMO,android_11,192.168.1.23
bacb124e-b809-4938-a48b-ff9e94873911,2025-10-27T16:53:52.349226,ride_completed,fake_user_7,driver_163,ride_d74ae67f,35.7297844275905,51.41055124571947,35.73590959650547,51.420097239057625,76845.79016718733,2.2641873067380147,11.359745465977783,credit_card,SNAPP_FAKE_PROMO,android_11,192.168.1.85
fb668b8f-a69e-453a-868b-b3a218cf43d3,2025-10-27T16:58:52.349226,ride_completed,fake_user_11,driver_100,ride_2b8cefdf,35.70700038009411,51.403751086385824,35.738555906758684,51.42571497136392,69187.19971321452,4.784426389594812,19.353110843199815,credit_card,SNAPP_FAKE_PROMO,android_11,192.168.1.230
ba12085a-bf03-4b2e-8f4f-b38f4c289611,2025-10-27T17:03:52.349226,ride_completed,fake_user_10,driver_121,ride_8081ee80,35.731326735527965,51.436866641014234,35.717607698238425,51.426684737921406,66619.80110360301,3.896571069447976,18.520298211352276,credit_card,SNAPP_FAKE_PROMO,android_11,192.168.1.21
9fa2447e-2f18-4e00-a0c6-83c644b3d4f4,2025-10-27T17:08:52.349226,ride_completed,fake_user_1,driver_139,ride_4ab6a791,35.71288588918383,51.42990634257545,35.743047985624536,51.43477927477426,85608.2059943717,4.8259407555208185,10.946335019506124,cash,SNAPP_FAKE_PROMO,android_11,192.168.1.100
0594c220-1125-443e-a461-7071ffc1b885,2025-10-27T17:13:52.349226,ride_completed,fake_user_10,driver_109,ride_f97ad71f,35.71865513399442,51.42348173982816,35.73038429436957,51.43183952684295,66701.72838071501,3.578547686910453,15.716885393200183,credit_card,SNAPP_FAKE_PROMO,android_11,192.168.1.200
6c53b049-e4ac-40a9-84f6-a18b108fb578,2025-10-27T17:18:52.349226,ride_completed,fake_user_19,driver_175,ride_a589ae59,35.71582615924258,51.441187679121654,35.73310076577613,51.42529421832713,88632.80449856771,4.846015002807327,10.363315075098015,cash,SNAPP_FAKE_PROMO,android_11,192.168.1.5
e76e1505-a6d9-43c9-a0cd-4038f1a98883,2025-10-27T17:23:52.349226,ride_completed,fake_user_5,driver_198,ride_964a5967,35.73714341264512,51.417860886360636,35.74880843757121,51.42124075091711,84088.84925783583,2.3291147591307606,13.930459618296013,cash,SNAPP_FAKE_PROMO,android_11,192.168.1.200
626d7873-2d0c-4408-b6c5-4142d2f3738f,2025-10-27T17:28:52.349226,ride_completed,fake_user_0,driver_174,ride_b207941c,35.72878418731046,51.42254453434057,35.72290388229972,51.45337167467109,54734.25094545386,4.803143135982529,14.345694697923745,credit_card,SNAPP_FAKE_PROMO,android_11,192.168.1.146
7d9bdc3a-1402-474b-b111-439aa8eefbf8,2025-10-27T17:33:52.349226,ride_completed,fake_user_3,driver_135,ride_03a1a184,35.73231822566411,51.41885415385032,35.719261526060755,51.41865672813443,89953.93047262474,3.931233726601978,10.439673030728976,cash,SNAPP_FAKE_PROMO,android_11,192.168.1.184
d6bc3b0c-f53b-4e0f-8ede-a712dee3c003,2025-10-27T17:38:52.349226,ride_completed,fake_user_19,driver_178,ride_4e9ab34d,35.725458830263214,51.3955113795385,35.720982772557996,51.43011525640673,73506.84625260142,3.740123629285719,19.671112788035636,credit_card,SNAPP_FAKE_PROMO,android_11,192.168.1.191
